timestamp,direction,vehicle_count,density,green_time,event
2026-04-13T18:10:40.954948,N,46,Medium,12,NORMAL
2026-04-13T18:10:40.954977,S,51,High,18,NORMAL
2026-04-13T18:10:40.954986,E,44,Medium,12,NORMAL
2026-04-13T18:10:40.954992,W,74,High,18,NORMAL
2026-04-13T18:10:43.962403,N,75,High,18,NORMAL
2026-04-13T18:10:43.962445,S,45,Medium,12,NORMAL
2026-04-13T18:10:43.962465,E,58,High,18,NORMAL
2026-04-13T18:10:43.962480,W,45,Medium,12,NORMAL
2026-04-13T18:10:46.962004,N,73,High,15,NORMAL
2026-04-13T18:10:46.962035,S,63,High,15,NORMAL
2026-04-13T18:10:46.962168,E,68,High,15,NORMAL
2026-04-13T18:10:46.962208,W,63,High,15,NORMAL
2026-04-13T18:10:49.968542,N,73,High,16,NORMAL
2026-04-13T18:10:49.968559,S,43,Medium,10,NORMAL
2026-04-13T18:10:49.968566,E,66,High,16,NORMAL
2026-04-13T18:10:49.968577,W,100,High,16,ACCIDENT
2026-04-13T18:10:52.968914,N,72,High,16,NORMAL
2026-04-13T18:10:52.968944,S,60,High,16,NORMAL
2026-04-13T18:10:52.968958,E,47,Medium,10,NORMAL
2026-04-13T18:10:52.968970,W,51,High,16,NORMAL
2026-04-13T18:10:55.959285,N,57,High,18,NORMAL
2026-04-13T18:10:55.959312,S,47,Medium,12,NORMAL
2026-04-13T18:10:55.959326,E,48,Medium,12,NORMAL
2026-04-13T18:10:55.959338,W,66,High,18,NORMAL
2026-04-13T18:10:58.959057,N,72,High,18,NORMAL
2026-04-13T18:10:58.959076,S,46,Medium,12,NORMAL
2026-04-13T18:10:58.959085,E,47,Medium,12,NORMAL
2026-04-13T18:10:58.959092,W,51,High,18,NORMAL
2026-04-13T18:11:01.959688,N,69,High,15,NORMAL
2026-04-13T18:11:01.959713,S,78,High,15,ACCIDENT
2026-04-13T18:11:01.959720,E,52,High,15,NORMAL
2026-04-13T18:11:01.959725,W,53,High,15,NORMAL
2026-04-13T18:11:04.958085,N,41,Medium,13,NORMAL
2026-04-13T18:11:04.958107,S,47,Medium,13,NORMAL
2026-04-13T18:11:04.958118,E,94,High,20,ACCIDENT
2026-04-13T18:11:04.958126,W,41,Medium,13,NORMAL
2026-04-13T18:11:07.959210,N,68,High,16,NORMAL
2026-04-13T18:11:07.959226,S,48,Medium,10,NORMAL
2026-04-13T18:11:07.959232,E,67,High,16,NORMAL
2026-04-13T18:11:07.959238,W,76,High,16,NORMAL
2026-04-13T18:11:10.957736,N,60,High,18,NORMAL
2026-04-13T18:11:10.957753,S,43,Medium,12,NORMAL
2026-04-13T18:11:10.957759,E,71,High,18,NORMAL
2026-04-13T18:11:10.957765,W,47,Medium,12,NORMAL
2026-04-13T18:11:13.975768,N,73,High,15,NORMAL
2026-04-13T18:11:13.975798,S,60,High,15,NORMAL
2026-04-13T18:11:13.975809,E,52,High,15,NORMAL
2026-04-13T18:11:13.975818,W,73,High,15,NORMAL
2026-04-13T18:11:16.980861,N,65,High,15,NORMAL
2026-04-13T18:11:16.980893,S,80,High,15,NORMAL
2026-04-13T18:11:16.980907,E,76,High,15,NORMAL
2026-04-13T18:11:16.980918,W,78,High,15,NORMAL
2026-04-13T18:11:19.979345,N,67,High,16,NORMAL
2026-04-13T18:11:19.979441,S,46,Medium,10,NORMAL
2026-04-13T18:11:19.979453,E,75,High,16,NORMAL
2026-04-13T18:11:19.979464,W,80,High,16,NORMAL
2026-04-13T18:11:22.964551,N,74,High,15,NORMAL
2026-04-13T18:11:22.964584,S,96,High,15,ACCIDENT
2026-04-13T18:11:22.964597,E,68,High,15,NORMAL
2026-04-13T18:11:22.964609,W,60,High,15,NORMAL
2026-04-13T18:11:25.965280,N,79,High,15,NORMAL
2026-04-13T18:11:25.965357,S,51,High,15,NORMAL
2026-04-13T18:11:25.965367,E,58,High,15,NORMAL
2026-04-13T18:11:25.965414,W,88,High,15,ACCIDENT
2026-04-13T18:11:28.969655,N,72,High,16,NORMAL
2026-04-13T18:11:28.969681,S,55,High,16,NORMAL
2026-04-13T18:11:28.969694,E,40,Medium,10,NORMAL
2026-04-13T18:11:28.969705,W,78,High,16,NORMAL
2026-04-13T18:11:31.961299,N,56,High,16,NORMAL
2026-04-13T18:11:31.961333,S,40,Medium,10,NORMAL
2026-04-13T18:11:31.961347,E,52,High,16,NORMAL
2026-04-13T18:11:31.961361,W,63,High,16,NORMAL
2026-04-13T18:11:34.968999,N,41,Medium,10,NORMAL
2026-04-13T18:11:34.969027,S,79,High,16,NORMAL
2026-04-13T18:11:34.969041,E,75,High,16,NORMAL
2026-04-13T18:11:34.969054,W,75,High,16,NORMAL
2026-04-13T18:11:38.122090,N,56,High,16,NORMAL
2026-04-13T18:11:38.122114,S,78,High,16,NORMAL
2026-04-13T18:11:38.122126,E,49,Medium,10,NORMAL
2026-04-13T18:11:38.122137,W,57,High,16,NORMAL
2026-04-13T18:11:41.127704,N,52,High,18,NORMAL
2026-04-13T18:11:41.127720,S,42,Medium,12,NORMAL
2026-04-13T18:11:41.127726,E,67,High,18,NORMAL
2026-04-13T18:11:41.127732,W,42,Medium,12,NORMAL
2026-04-13T18:11:44.124554,N,72,High,16,NORMAL
2026-04-13T18:11:44.124563,S,59,High,16,NORMAL
2026-04-13T18:11:44.124567,E,43,Medium,10,NORMAL
2026-04-13T18:11:44.124570,W,70,High,16,NORMAL
2026-04-13T18:11:47.112492,N,70,High,16,NORMAL
2026-04-13T18:11:47.112506,S,62,High,16,NORMAL
2026-04-13T18:11:47.112512,E,43,Medium,10,NORMAL
2026-04-13T18:11:47.112517,W,64,High,16,NORMAL
2026-04-13T18:11:56.217740,N,73,High,16,NORMAL
2026-04-13T18:11:56.217782,S,42,Medium,10,NORMAL
2026-04-13T18:11:56.217793,E,89,High,16,ACCIDENT
2026-04-13T18:11:56.217798,W,80,High,16,NORMAL
2026-04-13T18:12:10.239564,N,60,High,15,NORMAL
2026-04-13T18:12:10.239600,S,56,High,15,NORMAL
2026-04-13T18:12:10.239617,E,62,High,15,NORMAL
2026-04-13T18:12:10.239632,W,67,High,15,NORMAL
2026-04-13T18:12:13.243399,N,48,Medium,10,NORMAL
2026-04-13T18:12:13.243430,S,59,High,16,NORMAL
2026-04-13T18:12:13.243443,E,63,High,16,NORMAL
2026-04-13T18:12:13.243457,W,77,High,16,NORMAL
2026-04-13T18:12:16.247693,N,59,High,15,NORMAL
2026-04-13T18:12:16.247710,S,52,High,15,NORMAL
2026-04-13T18:12:16.247716,E,53,High,15,NORMAL
2026-04-13T18:12:16.247721,W,60,High,15,NORMAL
2026-04-13T18:12:18.724401,N,43,Medium,0,NORMAL
2026-04-13T18:12:18.724433,S,73,High,0,NORMAL
2026-04-13T18:12:18.724442,E,40,Medium,0,NORMAL
2026-04-13T18:12:18.724451,W,47,Medium,90,NORMAL
2026-04-13T18:12:19.253093,N,67,High,0,ACCIDENT
2026-04-13T18:12:19.253125,S,43,Medium,0,NORMAL
2026-04-13T18:12:19.253142,E,68,High,0,NORMAL
2026-04-13T18:12:19.253156,W,77,High,90,NORMAL
2026-04-13T18:12:22.254517,N,45,Medium,0,NORMAL
2026-04-13T18:12:22.254544,S,55,High,0,NORMAL
2026-04-13T18:12:22.254560,E,45,Medium,0,NORMAL
2026-04-13T18:12:22.254572,W,75,High,90,NORMAL
2026-04-13T18:12:25.243880,N,62,High,0,NORMAL
2026-04-13T18:12:25.243907,S,69,High,0,NORMAL
2026-04-13T18:12:25.243921,E,70,High,0,NORMAL
2026-04-13T18:12:25.243932,W,59,High,90,NORMAL
2026-04-13T18:12:28.245136,N,43,Medium,0,NORMAL
2026-04-13T18:12:28.245172,S,65,High,0,NORMAL
2026-04-13T18:12:28.245188,E,50,Medium,0,NORMAL
2026-04-13T18:12:28.245202,W,56,High,90,NORMAL
2026-04-13T18:12:28.660805,N,41,Medium,12,NORMAL
2026-04-13T18:12:28.660830,S,58,High,18,NORMAL
2026-04-13T18:12:28.660840,E,64,High,18,NORMAL
2026-04-13T18:12:28.660849,W,48,Medium,12,NORMAL
2026-04-13T18:12:31.244504,N,56,High,18,NORMAL
2026-04-13T18:12:31.244527,S,43,Medium,12,NORMAL
2026-04-13T18:12:31.244538,E,43,Medium,12,NORMAL
2026-04-13T18:12:31.244548,W,56,High,18,NORMAL
2026-04-13T18:12:34.256591,N,40,Medium,10,NORMAL
2026-04-13T18:12:34.256609,S,56,High,16,NORMAL
2026-04-13T18:12:34.256617,E,84,High,16,ACCIDENT
2026-04-13T18:12:34.256623,W,78,High,16,NORMAL
2026-04-13T18:12:37.248996,N,40,Medium,12,NORMAL
2026-04-13T18:12:37.249015,S,54,High,18,NORMAL
2026-04-13T18:12:37.249023,E,47,Medium,12,NORMAL
2026-04-13T18:12:37.249029,W,64,High,18,NORMAL
2026-04-13T18:12:40.254422,N,41,Medium,10,NORMAL
2026-04-13T18:12:40.254444,S,76,High,16,NORMAL
2026-04-13T18:12:40.254456,E,100,High,16,ACCIDENT
2026-04-13T18:12:40.254465,W,72,High,16,NORMAL
2026-04-13T18:12:43.246523,N,63,High,15,NORMAL
2026-04-13T18:12:43.246541,S,77,High,15,NORMAL
2026-04-13T18:12:43.246549,E,71,High,15,ACCIDENT
2026-04-13T18:12:43.246555,W,75,High,15,NORMAL
2026-04-13T18:12:46.258723,N,67,High,16,NORMAL
2026-04-13T18:12:46.258740,S,75,High,16,NORMAL
2026-04-13T18:12:46.258749,E,72,High,16,NORMAL
2026-04-13T18:12:46.258757,W,46,Medium,10,NORMAL
2026-04-13T18:12:49.254461,N,41,Medium,12,NORMAL
2026-04-13T18:12:49.254496,S,70,High,18,NORMAL
2026-04-13T18:12:49.254510,E,62,High,18,NORMAL
2026-04-13T18:12:49.254523,W,41,Medium,12,NORMAL
2026-04-13T18:12:52.248888,N,55,High,18,NORMAL
2026-04-13T18:12:52.248928,S,49,Medium,12,NORMAL
2026-04-13T18:12:52.248944,E,62,High,18,NORMAL
2026-04-13T18:12:52.248959,W,47,Medium,12,NORMAL
2026-04-13T18:12:55.251370,N,75,High,16,NORMAL
2026-04-13T18:12:55.251390,S,61,High,16,NORMAL
2026-04-13T18:12:55.251401,E,78,High,16,NORMAL
2026-04-13T18:12:55.251411,W,49,Medium,10,NORMAL
2026-04-13T18:12:58.292127,N,51,High,16,NORMAL
2026-04-13T18:12:58.292157,S,47,Medium,10,NORMAL
2026-04-13T18:12:58.292171,E,93,High,16,ACCIDENT
2026-04-13T18:12:58.292186,W,78,High,16,NORMAL
2026-04-13T18:13:01.260824,N,43,Medium,10,NORMAL
2026-04-13T18:13:01.260853,S,59,High,16,NORMAL
2026-04-13T18:13:01.260867,E,56,High,16,NORMAL
2026-04-13T18:13:01.260879,W,74,High,16,NORMAL
2026-04-13T18:13:04.246800,N,66,High,16,NORMAL
2026-04-13T18:13:04.246834,S,64,High,16,NORMAL
2026-04-13T18:13:04.246857,E,45,Medium,10,NORMAL
2026-04-13T18:13:04.246869,W,60,High,16,NORMAL
2026-04-13T18:13:07.258338,N,41,Medium,12,NORMAL
2026-04-13T18:13:07.258644,S,74,High,18,NORMAL
2026-04-13T18:13:07.258664,E,86,High,18,ACCIDENT
2026-04-13T18:13:07.258676,W,45,Medium,12,NORMAL
2026-04-13T18:13:10.245206,N,58,High,18,NORMAL
2026-04-13T18:13:10.245224,S,42,Medium,12,NORMAL
2026-04-13T18:13:10.245230,E,41,Medium,12,NORMAL
2026-04-13T18:13:10.245235,W,56,High,18,NORMAL
2026-04-13T18:13:13.243434,N,70,High,16,NORMAL
2026-04-13T18:13:13.243449,S,47,Medium,10,NORMAL
2026-04-13T18:13:13.243455,E,79,High,16,NORMAL
2026-04-13T18:13:13.243461,W,66,High,16,NORMAL
2026-04-13T18:13:16.245774,N,59,High,16,NORMAL
2026-04-13T18:13:16.245789,S,63,High,16,NORMAL
2026-04-13T18:13:16.245795,E,48,Medium,10,NORMAL
2026-04-13T18:13:16.245800,W,76,High,16,NORMAL
2026-04-13T18:13:19.253343,N,54,High,16,NORMAL
2026-04-13T18:13:19.253427,S,64,High,16,NORMAL
2026-04-13T18:13:19.253442,E,49,Medium,10,NORMAL
2026-04-13T18:13:19.253454,W,70,High,16,NORMAL
2026-04-13T18:13:22.242889,N,75,High,15,NORMAL
2026-04-13T18:13:22.242905,S,67,High,15,NORMAL
2026-04-13T18:13:22.242911,E,60,High,15,NORMAL
2026-04-13T18:13:22.242917,W,60,High,15,NORMAL
2026-04-13T18:13:25.253130,N,59,High,15,NORMAL
2026-04-13T18:13:25.253313,S,62,High,15,NORMAL
2026-04-13T18:13:25.253334,E,69,High,15,NORMAL
2026-04-13T18:13:25.253350,W,72,High,15,NORMAL
2026-04-13T18:13:28.252087,N,78,High,15,NORMAL
2026-04-13T18:13:28.252105,S,74,High,15,NORMAL
2026-04-13T18:13:28.252113,E,78,High,15,NORMAL
2026-04-13T18:13:28.252120,W,56,High,15,NORMAL
2026-04-13T18:13:31.242262,N,65,High,16,NORMAL
2026-04-13T18:13:31.242277,S,46,Medium,10,NORMAL
2026-04-13T18:13:31.242284,E,59,High,16,NORMAL
2026-04-13T18:13:31.242290,W,64,High,16,NORMAL
2026-04-13T18:15:12.189500,N,71,High,15,NORMAL
2026-04-13T18:15:12.189556,S,73,High,15,NORMAL
2026-04-13T18:15:12.189571,E,75,High,15,NORMAL
2026-04-13T18:15:12.189584,W,67,High,15,NORMAL
2026-04-13T18:15:15.199358,N,70,High,16,NORMAL
2026-04-13T18:15:15.199393,S,64,High,16,NORMAL
2026-04-13T18:15:15.199405,E,45,Medium,10,NORMAL
2026-04-13T18:15:15.199416,W,76,High,16,NORMAL
2026-04-13T18:15:18.202206,N,67,High,16,NORMAL
2026-04-13T18:15:18.202243,S,68,High,16,NORMAL
2026-04-13T18:15:18.202257,E,73,High,16,NORMAL
2026-04-13T18:15:18.202272,W,50,Medium,10,NORMAL
2026-04-13T18:15:21.209628,N,74,High,16,NORMAL
2026-04-13T18:15:21.209692,S,44,Medium,10,NORMAL
2026-04-13T18:15:21.209710,E,76,High,16,NORMAL
2026-04-13T18:15:21.209754,W,63,High,16,NORMAL
2026-04-13T18:15:24.195238,N,62,High,15,NORMAL
2026-04-13T18:15:24.195282,S,71,High,15,NORMAL
2026-04-13T18:15:24.195297,E,75,High,15,NORMAL
2026-04-13T18:15:24.195331,W,75,High,15,ACCIDENT
2026-04-13T19:16:54.558455,N,31,Medium,22,NORMAL
2026-04-13T19:16:54.558496,S,36,Medium,22,NORMAL
2026-04-13T19:16:54.558514,E,22,Medium,26,NORMAL
2026-04-13T19:16:54.558527,W,20,Low,26,NORMAL
2026-04-13T19:16:57.706366,N,24,Medium,19,NORMAL
2026-04-13T19:16:57.706416,S,15,Low,19,NORMAL
2026-04-13T19:16:57.706432,E,27,Medium,26,NORMAL
2026-04-13T19:16:57.706444,W,23,Medium,26,NORMAL
2026-04-13T19:17:00.567996,N,37,Medium,16,NORMAL
2026-04-13T19:17:00.568024,S,29,Medium,16,NORMAL
2026-04-13T19:17:00.568041,E,22,Medium,26,NORMAL
2026-04-13T19:17:00.568056,W,40,Medium,26,NORMAL
2026-04-13T19:17:03.587589,N,24,Medium,13,NORMAL
2026-04-13T19:17:03.587624,S,30,Medium,13,NORMAL
2026-04-13T19:17:03.587641,E,24,Medium,26,NORMAL
2026-04-13T19:17:03.587656,W,38,Medium,26,NORMAL
2026-04-13T19:17:06.577889,N,23,Medium,10,NORMAL
2026-04-13T19:17:06.577926,S,27,Medium,10,NORMAL
2026-04-13T19:17:06.577943,E,27,Medium,35,NORMAL
2026-04-13T19:17:06.577967,W,58,High,35,ACCIDENT
2026-04-13T19:17:09.570241,N,40,Medium,7,NORMAL
2026-04-13T19:17:09.570272,S,20,Low,7,NORMAL
2026-04-13T19:17:09.570285,E,31,Medium,26,NORMAL
2026-04-13T19:17:09.570298,W,21,Medium,26,NORMAL
2026-04-13T19:17:12.582738,N,24,Medium,4,NORMAL
2026-04-13T19:17:12.582774,S,29,Medium,4,NORMAL
2026-04-13T19:17:12.582796,E,24,Medium,26,NORMAL
2026-04-13T19:17:12.582982,W,32,Medium,26,NORMAL
2026-04-13T19:17:15.585763,N,37,Medium,1,NORMAL
2026-04-13T19:17:15.585797,S,37,Medium,1,NORMAL
2026-04-13T19:17:15.585813,E,22,Medium,26,NORMAL
2026-04-13T19:17:15.585827,W,25,Medium,26,NORMAL
2026-04-13T19:17:18.567525,N,30,Medium,26,NORMAL
2026-04-13T19:17:18.567553,S,28,Medium,26,NORMAL
2026-04-13T19:17:18.567568,E,37,Medium,25,NORMAL
2026-04-13T19:17:18.567581,W,34,Medium,25,NORMAL
2026-04-13T19:17:21.584446,N,16,Low,26,NORMAL
2026-04-13T19:17:21.584483,S,40,Medium,26,NORMAL
2026-04-13T19:17:21.584500,E,27,Medium,22,NORMAL
2026-04-13T19:17:21.584514,W,20,Low,22,NORMAL
2026-04-13T19:17:24.571343,N,32,Medium,26,NORMAL
2026-04-13T19:17:24.571382,S,36,Medium,26,NORMAL
2026-04-13T19:17:24.571398,E,32,Medium,19,NORMAL
2026-04-13T19:17:24.571410,W,39,Medium,19,NORMAL
2026-04-13T19:17:27.569787,N,21,Medium,26,NORMAL
2026-04-13T19:17:27.569819,S,27,Medium,26,NORMAL
2026-04-13T19:17:27.569844,E,73,High,25,ACCIDENT
2026-04-13T19:17:27.569857,W,18,Low,25,NORMAL
2026-04-13T19:17:30.568296,N,37,Medium,26,NORMAL
2026-04-13T19:17:30.568323,S,32,Medium,26,NORMAL
2026-04-13T19:17:30.568343,E,21,Medium,13,NORMAL
2026-04-13T19:17:30.568353,W,35,Medium,13,NORMAL
2026-04-13T19:17:33.570118,N,23,Medium,26,NORMAL
2026-04-13T19:17:33.570156,S,29,Medium,26,NORMAL
2026-04-13T19:17:33.570531,E,29,Medium,10,NORMAL
2026-04-13T19:17:33.570559,W,38,Medium,10,NORMAL
2026-04-13T19:17:36.561782,N,19,Low,26,NORMAL
2026-04-13T19:17:36.561811,S,26,Medium,26,NORMAL
2026-04-13T19:17:36.561828,E,59,High,17,ACCIDENT
2026-04-13T19:17:36.561839,W,22,Medium,17,NORMAL
2026-04-13T19:17:39.560784,N,60,High,35,ACCIDENT
2026-04-13T19:17:39.560808,S,37,Medium,35,NORMAL
2026-04-13T19:17:39.560821,E,28,Medium,5,NORMAL
2026-04-13T19:17:39.560832,W,27,Medium,5,NORMAL
2026-04-13T19:17:42.562799,N,40,Medium,26,NORMAL
2026-04-13T19:17:42.562877,S,18,Low,26,NORMAL
2026-04-13T19:17:42.562906,E,28,Medium,2,NORMAL
2026-04-13T19:17:42.562929,W,33,Medium,2,NORMAL
2026-04-13T19:17:44.753236,N,22,Medium,0,NORMAL
2026-04-13T19:17:44.753263,S,35,Medium,0,NORMAL
2026-04-13T19:17:44.753275,E,36,Medium,0,NORMAL
2026-04-13T19:17:44.753285,W,19,Low,90,NORMAL
2026-04-13T19:17:45.565118,N,37,Medium,0,NORMAL
2026-04-13T19:17:45.565155,S,38,Medium,0,NORMAL
2026-04-13T19:17:45.565171,E,39,Medium,0,NORMAL
2026-04-13T19:17:45.565184,W,29,Medium,90,NORMAL
2026-04-13T19:17:48.567904,N,40,Medium,0,NORMAL
2026-04-13T19:17:48.567937,S,18,Low,0,NORMAL
2026-04-13T19:17:48.567951,E,33,Medium,0,NORMAL
2026-04-13T19:17:48.567963,W,29,Medium,90,NORMAL
2026-04-13T19:17:51.559632,N,32,Medium,0,NORMAL
2026-04-13T19:17:51.559656,S,18,Low,0,NORMAL
2026-04-13T19:17:51.559669,E,27,Medium,0,NORMAL
2026-04-13T19:17:51.559681,W,31,Medium,90,NORMAL
2026-04-13T19:17:52.022017,N,30,Medium,90,NORMAL
2026-04-13T19:17:52.022046,S,19,Low,0,NORMAL
2026-04-13T19:17:52.022061,E,24,Medium,0,NORMAL
2026-04-13T19:17:52.022073,W,39,Medium,0,NORMAL
2026-04-13T19:17:54.558950,N,17,Low,90,NORMAL
2026-04-13T19:17:54.558978,S,33,Medium,0,NORMAL
2026-04-13T19:17:54.558992,E,31,Medium,0,NORMAL
2026-04-13T19:17:54.559004,W,20,Low,0,NORMAL
2026-04-13T19:17:57.562238,N,28,Medium,90,NORMAL
2026-04-13T19:17:57.562264,S,31,Medium,0,NORMAL
2026-04-13T19:17:57.562277,E,36,Medium,0,NORMAL
2026-04-13T19:17:57.562289,W,22,Medium,0,NORMAL
2026-04-13T19:18:00.561672,N,29,Medium,90,NORMAL
2026-04-13T19:18:00.561698,S,32,Medium,0,NORMAL
2026-04-13T19:18:00.561711,E,27,Medium,0,NORMAL
2026-04-13T19:18:00.561723,W,40,Medium,0,NORMAL
2026-04-13T19:18:02.815283,N,31,Medium,25,NORMAL
2026-04-13T19:18:02.815335,S,24,Medium,25,NORMAL
2026-04-13T19:18:02.815350,E,17,Low,26,NORMAL
2026-04-13T19:18:02.815363,W,37,Medium,26,NORMAL
2026-04-13T19:18:03.561454,N,21,Medium,25,NORMAL
2026-04-13T19:18:03.561485,S,34,Medium,25,NORMAL
2026-04-13T19:18:03.561498,E,17,Low,26,NORMAL
2026-04-13T19:18:03.561510,W,33,Medium,26,NORMAL
2026-04-13T19:18:06.570499,N,32,Medium,22,NORMAL
2026-04-13T19:18:06.570517,S,25,Medium,22,NORMAL
2026-04-13T19:18:06.570524,E,16,Low,26,NORMAL
2026-04-13T19:18:06.570529,W,33,Medium,26,NORMAL
2026-04-13T19:18:09.570820,N,18,Low,19,NORMAL
2026-04-13T19:18:09.570855,S,27,Medium,19,NORMAL
2026-04-13T19:18:09.570870,E,28,Medium,26,NORMAL
2026-04-13T19:18:09.570883,W,22,Medium,26,NORMAL
2026-04-13T19:18:12.567490,N,31,Medium,16,NORMAL
2026-04-13T19:18:12.567507,S,44,Medium,16,ACCIDENT
2026-04-13T19:18:12.567513,E,39,Medium,26,NORMAL
2026-04-13T19:18:12.567519,W,28,Medium,26,NORMAL
2026-04-13T19:18:15.566165,N,38,Medium,13,NORMAL
2026-04-13T19:18:15.566192,S,16,Low,13,NORMAL
2026-04-13T19:18:15.566205,E,23,Medium,26,NORMAL
2026-04-13T19:18:15.566217,W,23,Medium,26,NORMAL
2026-04-13T19:18:18.582533,N,16,Low,10,NORMAL
2026-04-13T19:18:18.582559,S,37,Medium,10,NORMAL
2026-04-13T19:18:18.582572,E,37,Medium,26,NORMAL
2026-04-13T19:18:18.582584,W,29,Medium,26,NORMAL
2026-04-13T19:18:21.572136,N,18,Low,7,NORMAL
2026-04-13T19:18:21.572163,S,24,Medium,7,NORMAL
2026-04-13T19:18:21.572176,E,33,Medium,26,NORMAL
2026-04-13T19:18:21.572187,W,30,Medium,26,NORMAL
2026-04-13T19:18:24.571583,N,21,Medium,4,NORMAL
2026-04-13T19:18:24.571609,S,34,Medium,4,NORMAL
2026-04-13T19:18:24.571622,E,29,Medium,26,NORMAL
2026-04-13T19:18:24.571634,W,27,Medium,26,NORMAL
2026-04-13T19:18:27.562902,N,33,Medium,1,NORMAL
2026-04-13T19:18:27.562928,S,31,Medium,1,NORMAL
2026-04-13T19:18:27.562942,E,16,Low,26,NORMAL
2026-04-13T19:18:27.562953,W,29,Medium,26,NORMAL
2026-04-13T19:18:30.562514,N,18,Low,26,NORMAL
2026-04-13T19:18:30.562543,S,33,Medium,26,NORMAL
2026-04-13T19:18:30.562557,E,34,Medium,25,NORMAL
2026-04-13T19:18:30.562570,W,32,Medium,25,NORMAL
2026-04-13T19:18:33.570188,N,38,Medium,26,NORMAL
2026-04-13T19:18:33.570215,S,25,Medium,26,NORMAL
2026-04-13T19:18:33.570228,E,21,Medium,22,NORMAL
2026-04-13T19:18:33.570239,W,37,Medium,22,NORMAL
2026-04-13T19:18:36.562488,N,30,Medium,26,NORMAL
2026-04-13T19:18:36.562512,S,20,Low,26,NORMAL
2026-04-13T19:18:36.562523,E,26,Medium,20,NORMAL
2026-04-13T19:18:36.562532,W,15,Low,20,NORMAL
2026-04-13T19:18:39.569520,N,19,Low,26,NORMAL
2026-04-13T19:18:39.569546,S,23,Medium,26,NORMAL
2026-04-13T19:18:39.569559,E,32,Medium,16,NORMAL
2026-04-13T19:18:39.569571,W,26,Medium,16,NORMAL
2026-04-13T19:18:42.566383,N,30,Medium,26,NORMAL
2026-04-13T19:18:42.566421,S,24,Medium,26,NORMAL
2026-04-13T19:18:42.566437,E,25,Medium,13,NORMAL
2026-04-13T19:18:42.566452,W,32,Medium,13,NORMAL
2026-04-13T19:18:45.587482,N,38,Medium,26,NORMAL
2026-04-13T19:18:45.587823,S,25,Medium,26,NORMAL
2026-04-13T19:18:45.587849,E,33,Medium,10,NORMAL
2026-04-13T19:18:45.587866,W,40,Medium,10,NORMAL
2026-04-13T19:18:48.610778,N,17,Low,26,NORMAL
2026-04-13T19:18:48.610822,S,40,Medium,26,NORMAL
2026-04-13T19:18:48.610839,E,40,Medium,7,NORMAL
2026-04-13T19:18:48.610855,W,33,Medium,7,NORMAL
2026-04-13T19:18:51.563559,N,32,Medium,26,NORMAL
2026-04-13T19:18:51.563587,S,40,Medium,26,NORMAL
2026-04-13T19:18:51.563600,E,28,Medium,4,NORMAL
2026-04-13T19:18:51.563611,W,20,Low,4,NORMAL
2026-04-13T19:18:54.577021,N,24,Medium,26,NORMAL
2026-04-13T19:18:54.577095,S,25,Medium,26,NORMAL
2026-04-13T19:18:54.577113,E,40,Medium,1,NORMAL
2026-04-13T19:18:54.577126,W,34,Medium,1,NORMAL
2026-04-13T19:18:58.129413,N,31,Medium,25,NORMAL
2026-04-13T19:18:58.129447,S,23,Medium,25,NORMAL
2026-04-13T19:18:58.129456,E,40,Medium,26,NORMAL
2026-04-13T19:18:58.129463,W,31,Medium,26,NORMAL
2026-04-13T19:19:01.127470,N,34,Medium,23,NORMAL
2026-04-13T19:19:01.127482,S,39,Medium,23,NORMAL
2026-04-13T19:19:01.127487,E,36,Medium,26,NORMAL
2026-04-13T19:19:01.127492,W,35,Medium,26,NORMAL
2026-04-13T19:19:04.130443,N,27,Medium,19,NORMAL
2026-04-13T19:19:04.130472,S,36,Medium,19,NORMAL
2026-04-13T19:19:04.130487,E,31,Medium,26,NORMAL
2026-04-13T19:19:04.130501,W,25,Medium,26,NORMAL
2026-04-13T19:19:07.124916,N,18,Low,17,NORMAL
2026-04-13T19:19:07.124933,S,26,Medium,17,NORMAL
2026-04-13T19:19:07.124939,E,16,Low,26,NORMAL
2026-04-13T19:19:07.124947,W,38,Medium,26,NORMAL
2026-04-15T16:06:40.088941,N,31,Medium,18,NORMAL
2026-04-15T16:06:40.088963,S,36,Medium,18,NORMAL
2026-04-15T16:06:40.089011,E,18,Low,26,NORMAL
2026-04-15T16:06:40.089018,W,25,Medium,26,NORMAL
2026-04-15T16:06:43.090477,N,32,Medium,15,NORMAL
2026-04-15T16:06:43.090554,S,38,Medium,15,NORMAL
2026-04-15T16:06:43.090561,E,18,Low,26,NORMAL
2026-04-15T16:06:43.090566,W,39,Medium,26,NORMAL
2026-04-15T16:06:46.107176,N,40,Medium,12,NORMAL
2026-04-15T16:06:46.107207,S,38,Medium,12,NORMAL
2026-04-15T16:06:46.107221,E,34,Medium,26,NORMAL
2026-04-15T16:06:46.107236,W,19,Low,26,NORMAL
2026-04-15T16:06:49.106749,N,23,Medium,9,NORMAL
2026-04-15T16:06:49.106765,S,31,Medium,9,NORMAL
2026-04-15T16:06:49.106770,E,39,Medium,26,NORMAL
2026-04-15T16:06:49.106775,W,36,Medium,26,NORMAL
2026-04-15T16:06:52.098293,N,35,Medium,6,NORMAL
2026-04-15T16:06:52.098315,S,23,Medium,6,NORMAL
2026-04-15T16:06:52.098324,E,32,Medium,26,NORMAL
2026-04-15T16:06:52.098331,W,21,Medium,26,NORMAL
2026-04-15T16:06:55.102847,N,19,Low,18,NORMAL
2026-04-15T16:06:55.102881,S,20,Low,18,NORMAL
2026-04-15T16:06:55.102895,E,31,Medium,25,NORMAL
2026-04-15T16:06:55.102908,W,38,Medium,25,NORMAL
2026-04-15T16:06:58.101002,N,39,Medium,26,NORMAL
2026-04-15T16:06:58.101046,S,33,Medium,26,NORMAL
2026-04-15T16:06:58.101068,E,16,Low,15,NORMAL
2026-04-15T16:06:58.101083,W,20,Low,15,NORMAL
2026-04-15T16:07:01.096774,N,15,Low,26,NORMAL
2026-04-15T16:07:01.096874,S,25,Medium,26,NORMAL
2026-04-15T16:07:01.096895,E,29,Medium,20,NORMAL
2026-04-15T16:07:01.096909,W,40,Medium,20,NORMAL
2026-04-15T16:07:04.091013,N,27,Medium,26,NORMAL
2026-04-15T16:07:04.091043,S,28,Medium,26,NORMAL
2026-04-15T16:07:04.091056,E,18,Low,9,NORMAL
2026-04-15T16:07:04.091067,W,20,Low,9,NORMAL
2026-04-15T16:07:07.094844,N,22,Medium,26,NORMAL
2026-04-15T16:07:07.094879,S,33,Medium,26,NORMAL
2026-04-15T16:07:07.094894,E,20,Low,14,NORMAL
2026-04-15T16:07:07.094906,W,25,Medium,14,NORMAL
2026-04-15T16:07:10.140602,N,33,Medium,26,NORMAL
2026-04-15T16:07:10.140631,S,32,Medium,26,NORMAL
2026-04-15T16:07:10.140638,E,30,Medium,10,NORMAL
2026-04-15T16:07:10.140644,W,27,Medium,10,NORMAL
2026-04-15T16:07:13.242880,N,34,Medium,26,NORMAL
2026-04-15T16:07:13.242906,S,37,Medium,26,NORMAL
2026-04-15T16:07:13.242912,E,16,Low,7,NORMAL
2026-04-15T16:07:13.242917,W,32,Medium,7,NORMAL
2026-04-15T16:07:16.109957,N,26,Medium,26,NORMAL
2026-04-15T16:07:16.109974,S,25,Medium,26,NORMAL
2026-04-15T16:07:16.109979,E,38,Medium,4,NORMAL
2026-04-15T16:07:16.109984,W,24,Medium,4,NORMAL
2026-04-15T16:07:19.096315,N,37,Medium,26,NORMAL
2026-04-15T16:07:19.096350,S,34,Medium,26,NORMAL
2026-04-15T16:07:19.096364,E,19,Low,2,NORMAL
2026-04-15T16:07:19.096378,W,33,Medium,2,NORMAL
2026-04-15T16:07:22.095278,N,21,Medium,34,NORMAL
2026-04-15T16:07:22.095326,S,54,High,34,ACCIDENT
2026-04-15T16:07:22.095337,E,25,Medium,26,NORMAL
2026-04-15T16:07:22.095345,W,36,Medium,26,NORMAL
2026-04-15T16:07:25.107335,N,20,Low,22,NORMAL
2026-04-15T16:07:25.108029,S,29,Medium,22,NORMAL
2026-04-15T16:07:25.108044,E,20,Low,26,NORMAL
2026-04-15T16:07:25.108050,W,22,Medium,26,NORMAL
2026-04-15T16:07:28.104737,N,34,Medium,19,NORMAL
2026-04-15T16:07:28.104752,S,18,Low,19,NORMAL
2026-04-15T16:07:28.104757,E,16,Low,26,NORMAL
2026-04-15T16:07:28.104761,W,29,Medium,26,NORMAL
2026-04-15T16:07:31.091274,N,21,Medium,17,NORMAL
2026-04-15T16:07:31.091309,S,34,Medium,17,NORMAL
2026-04-15T16:07:31.091592,E,39,Medium,26,NORMAL
2026-04-15T16:07:31.092013,W,23,Medium,26,NORMAL
2026-04-15T16:07:34.106256,N,22,Medium,13,NORMAL
2026-04-15T16:07:34.106271,S,17,Low,13,NORMAL
2026-04-15T16:07:34.106309,E,52,High,35,ACCIDENT
2026-04-15T16:07:34.106319,W,24,Medium,35,NORMAL
2026-04-15T16:07:37.132160,N,23,Medium,10,NORMAL
2026-04-15T16:07:37.132178,S,29,Medium,10,NORMAL
2026-04-15T16:07:37.132184,E,25,Medium,26,NORMAL
2026-04-15T16:07:37.132189,W,35,Medium,26,NORMAL
2026-04-15T16:07:40.097332,N,38,Medium,7,NORMAL
2026-04-15T16:07:40.097350,S,36,Medium,7,NORMAL
2026-04-15T16:07:40.097355,E,48,Medium,26,ACCIDENT
2026-04-15T16:07:40.097359,W,39,Medium,26,NORMAL
2026-04-15T16:07:43.106903,N,34,Medium,4,NORMAL
2026-04-15T16:07:43.106937,S,33,Medium,4,NORMAL
2026-04-15T16:07:43.106957,E,40,Medium,26,NORMAL
2026-04-15T16:07:43.106969,W,35,Medium,26,NORMAL
2026-04-15T16:07:46.107449,N,22,Medium,10,NORMAL
2026-04-15T16:07:46.107915,S,60,High,10,ACCIDENT
2026-04-15T16:07:46.107971,E,35,Medium,26,NORMAL
2026-04-15T16:07:46.107986,W,26,Medium,26,NORMAL
2026-04-15T16:07:49.103185,N,28,Medium,26,NORMAL
2026-04-15T16:07:49.103212,S,39,Medium,26,NORMAL
2026-04-15T16:07:49.103225,E,18,Low,25,NORMAL
2026-04-15T16:07:49.103238,W,36,Medium,25,NORMAL
2026-04-15T16:07:52.099311,N,32,Medium,26,NORMAL
2026-04-15T16:07:52.099324,S,31,Medium,26,NORMAL
2026-04-15T16:07:52.099329,E,22,Medium,23,NORMAL
2026-04-15T16:07:52.099334,W,28,Medium,23,NORMAL
2026-04-15T16:07:55.160385,N,39,Medium,26,NORMAL
2026-04-15T16:07:55.160406,S,35,Medium,26,NORMAL
2026-04-15T16:07:55.160411,E,28,Medium,19,NORMAL
2026-04-15T16:07:55.160416,W,19,Low,19,NORMAL
2026-04-15T16:07:58.104809,N,35,Medium,26,NORMAL
2026-04-15T16:07:58.104857,S,16,Low,26,NORMAL
2026-04-15T16:07:58.104874,E,32,Medium,16,NORMAL
2026-04-15T16:07:58.104889,W,28,Medium,16,NORMAL
2026-04-15T16:08:01.094584,N,33,Medium,26,NORMAL
2026-04-15T16:08:01.094602,S,36,Medium,26,NORMAL
2026-04-15T16:08:01.094607,E,35,Medium,14,NORMAL
2026-04-15T16:08:01.094611,W,22,Medium,14,NORMAL
2026-04-15T16:08:04.106066,N,23,Medium,26,NORMAL
2026-04-15T16:08:04.106101,S,27,Medium,26,NORMAL
2026-04-15T16:08:04.106115,E,15,Low,10,NORMAL
2026-04-15T16:08:04.106127,W,31,Medium,10,NORMAL
2026-04-15T16:08:07.096058,N,16,Low,18,NORMAL
2026-04-15T16:08:07.096070,S,18,Low,18,NORMAL
2026-04-15T16:08:07.096074,E,32,Medium,8,NORMAL
2026-04-15T16:08:07.096078,W,35,Medium,8,NORMAL
2026-04-15T16:08:10.103527,N,30,Medium,26,NORMAL
2026-04-15T16:08:10.103601,S,29,Medium,26,NORMAL
2026-04-15T16:08:10.103605,E,37,Medium,4,NORMAL
2026-04-15T16:08:10.103607,W,20,Low,4,NORMAL
2026-04-15T16:08:13.547021,N,22,Medium,26,NORMAL
2026-04-15T16:08:13.547060,S,25,Medium,26,NORMAL
2026-04-15T16:08:13.547071,E,16,Low,1,NORMAL
2026-04-15T16:08:13.547081,W,30,Medium,1,NORMAL
2026-04-15T16:08:16.552287,N,31,Medium,25,NORMAL
2026-04-15T16:08:16.552304,S,37,Medium,25,NORMAL
2026-04-15T16:08:16.552309,E,40,Medium,26,NORMAL
2026-04-15T16:08:16.552315,W,30,Medium,26,NORMAL
2026-04-15T16:08:19.544438,N,27,Medium,23,NORMAL
2026-04-15T16:08:19.544465,S,19,Low,23,NORMAL
2026-04-15T16:08:19.544472,E,40,Medium,35,NORMAL
2026-04-15T16:08:19.544482,W,56,High,35,ACCIDENT
2026-04-15T16:08:22.542682,N,27,Medium,20,NORMAL
2026-04-15T16:08:22.542695,S,31,Medium,20,NORMAL
2026-04-15T16:08:22.542699,E,25,Medium,26,NORMAL
2026-04-15T16:08:22.542702,W,15,Low,26,NORMAL
